{
  "policyRecord": [
    {
      "recordUniqueIdentifier": "29b42696-a203-40d8-9665-0da82dc65818",
      "ratingSessionId": null,
      "parentRui": "9f6b28e1-6995-4cb5-8cae-b234da3221d9",
      "pricingEngineId": "",
      "pricingEngineQuoteEnquiryId": null,
      "insuredEntityId": null,
      "invoiceNumber": null,
      "accountingEffectiveDate": "2021-10-11T00:00:00",
      "transactionType": "CAN",
      "transactionReasonCode": null,
      "cancelMethod": null,
      "businessArea": "GLUK",
      "subCompanyId": null,
      "insuredName": "RECEBBA TRIEFF",
      "insuredDoingBusinessAs": null,
      "additionalNamedInsured": null,
      "certificateNumber": null,
      "policyNumber": "GLS00016617A/21",
      "endorsementNumber": "1",
      "expiringPolicyNumber": null,
      "pLorCommercialIndicator": "PL",
      "coverageForm": 18,
      "placementType": 2,
      "coInsurancePercentage": null,
      "hereOnPercentage": 100.00,
      "cancellationCode": null,
      "totalPropertyLimit": 0,
      "effectiveDate": "2021-09-01T00:00:00",
      "expiryDate": null,
      "mailingStreet": "42 DOLPHIN DR UNIT A ",
      "mailingCity": "SAINT PETERSBURG",
      "mailingCounty": "PINELLAS",
      "mailingState": "FL",
      "mailingZipCode": "33706",
      "mailingZipCodePlusFour": null,
      "mailingCountryScheme": "ISO2A",
      "mailingCountry": "SAINT PETERSBURG",
      "grossPremium": -2280.0000,
      "netCommission": -513.0000,
      "netPremium": null,
      "payable": "Y",
      "fullTermPremiumChange": null,
      "minimumPropertyAdjustmentPremium": null,
      "minimumCrimeAdjustmentPremium": null,
      "minFloodDeductible": null,
      "crimeInsuranceAct": null,
      "identityTheftRecovery": null,
      "totalInsuredValueFromtheGroundUp": 430000.0000,
      "attachmentPoint": null,
      "sizeofLayer": null,
      "glAggregateLimit": null,
      "liabilityClasses": [
      ],
      "surveyFees": null,
      "sltBrokerNumber": "5577923",
      "sltBrokerName": "Kenneth R Davis Jr",
      "sltBrokerAddress": "PO Box 1110",
      "sltState": "NC",
      "surplusLinesTransactionNumber": null,
      "naic": null,
      "cedingCompanyNameRetailAgent": "FINPOINT INSURANCE GROUP,  LLC - SOUTHPORT",
      "locations": [
        {
          "locationNumber": 1,
          "buildings": [
            {
              "buildingNumber": "1",
              "insuredStreet": "4192 SKEFFINGTON CT",
              "insuredCity": "SOUTHPORT",
              "insuredCounty": null,
              "insuredState": "NC",
              "insuredZipCode": "28461",
              "insuredZipCodePlusFour": null,
              "countryScheme": "ISO2A",
              "coverageIsVandalismMischief": null,
              "country": "US",
              "occupancyScheme": "ISOPROP",
              "occupancyCode": "8015",
              "dwellingType": null,
              "buildingCharacteristics": {
                "isMobileHome": null,
                "isVacant": null,
                "isBuildersRisk": null,
                "hasConcreteBasement": null,
                "hasMortaredBlockFoundation": null,
                "hasStiltsOverWater": null,
                "firstFloorHeightAboveGround": null,
                "flFoundationType": null,
                "mgaLatitude": 33.951361,
                "mgaLongitude": -78.07909,
                "mgaDistanceToCoastMiles": null,
                "isoPropertyCode": null,
                "constructionScheme": "ISOFIRE",
                "constructionCode": "01",
                "rentalTerm": null,
                "protectionClass": "3",
                "protections": null,
                "centralFireProtection": false,
                "centralBurglarProtection": false,
                "localFireProtection": null,
                "localBurglarProtection": null,
                "policeStationBurglarAlarmProtection": null,
                "fireStationAlarmProtection": null,
                "smokeDetectorsProtection": null,
                "sprinklersProtection": false,
                "waterShutOffValveProtection": null,
                "waterShutOffWithAlarmProtection": null,
                "gatedCommunityProtection": false,
                "stormShuttersProtection": false,
                "impactResistantGlassProtection": true,
                "fireExtinguisherProtection": true,
                "ansulProtection": null,
                "openingProtectionsCode": "00",
                "openingProtectionTypesCode": "00",
                "yearBuilt": 2007,
                "numberOfStories": 1,
                "squareFootage": 2468,
                "floodZone": null,
                "roofConstruction": null,
                "roofConstructionCode": 7,
                "roofShowsSignsOfDeterioration": null,
                "shapeOfRoof": 5,
                "utilityUpdates": null,
                "roofAnchorCode": null,
                "roofSheathingCode": null,
                "primaryHeatSourceCode": null,
                "alternateHeatSourceCode": "00",
                "basementType": null,
                "grossPremium": -2280.0000,
                "crimeInsuranceAct": null,
                "equipmentBreakdown": null,
                "homeSystemsProtection": null,
                "serviceLine": null,
                "totalInsuredValueFromtheGroundUp": 430000.0000,
                "roofCoverage": true,
                "roofCoverageValuationBasis": "RCV",
                "numberOfAcres": 0,
                "townHouse": false,
                "forSale": false,
                "historicRegistry": false,
                "newPurchase": false,
                "eqBaseIsolation": null,
                "eqCladdingType": null,
                "eqConstructionQuality": null,
                "eqEquipmentSupportMaintenance": null,
                "eqEngineeredFoundation": null,
                "eqSprinklerLeakageSusceptibility": null,
                "eqFrameBolted": null,
                "eqUnreinforcedMasonryPartitionsorChimneys": null,
                "eqMechanicalandElectricalEquipmentEarthquakeBracing": null,
                "eqAppendagesandOrnamentation": null,
                "eqVerticalIrregularity": null,
                "eqPounding": null,
                "eqPlanIrregularity": null,
                "eqShortColumnCondition": null,
                "eqSprinklerType": null,
                "eqSoftStory": null,
                "eqStructuralUpgrade": null,
                "eqTiltUpRetrofit": null,
                "eqUnreinforcedMasonryRetrofit": null,
                "eqCrippleWalls": null,
                "eqSprinklerLeakageCoverageFlag": null,
                "hasTrampoline": false,
                "hasSwimmingPool": false,
                "hasSolarPanels": null,
                "hasMultipleRoofingLayers": null,
                "dwellingType": null
              },
              "propertyCoverages": null,
              "liabilityClasses": [
              ]
            }
          ],
          "liabilityClasses": [
          ],
          "professionalLiabilityClassLawyers": null,
          "taxesFeesAndSurcharges": null,
          "dealersOpenLot": null,
          "premiumAmount": null,
          "elPremiumExcIpt": null,
          "plPremiumExcIpt": null,
          "limitAmount": null
        }
      ],
      "autoPhysicalDamage": null,
      "dealersOpenLot": null,
      "garageKeepersLegalLiability": null,
      "motorTruckCargo": null,
      "contracts": [
        {
          "sectionNo": "",
          "contractPeriod": 2021,
          "commission": -513.0000,
          "contractPercentage": 100.000,
          "liabilityPercentage": 100.000,
          "equipmentBreakdownPercentage": null
        }
      ],
      "policyProcessorSystemName": "Utopia",
      "policyForm": [
      ],
      "underwriterName": null,
      "insuredEntityType": null,
      "bankruptcy": null,
      "foreclosure": null,
      "inHomeBusinessCoverage": {
        "typeOfBusiness": null,
        "numberOfEmployees": null,
        "grossReceipts": -2280.0000,
        "businessName": "GLUK"
      },
      "inHomeDayCareCoverage": null,
      "structuresRentedOnPremisesCoverage": null,
      "structuresRentedOffPremisesCoverage": null,
      "extendedLiabilityToRentedLocationsCoverage": false,
      "lapseInCoverage": false,
      "trampolineIsCovered": null,
      "swimmingPoolIsCovered": null,
      "modifierMarketPriceAdjustment": null,
      "dateOfLastLoss": null,
      "coverageIsVandalismMischief": null,
      "modifierUnderwriterPriceAdjustment": null,
      "retroActiveDate": null,
      "priorLosses": [
      ],
      "professionalLiabilityAttorneys": [
      ],
      "professionalLiabilityAttorneyPriorActs": null,
      "professionalLiabilityClientIndustry": [
      ],
      "professionalLiabilityContinuingLegalEducation": [
      ],
      "professionalLiabilityLitigationHistory": [
      ],
      "professionalLiabilityLoyaltyCredit": [
      ],
      "policyTypeCode": null,
      "historicTiv1YearPrior": null,
      "historicTiv2YearPrior": null,
      "historicTiv3YearPrior": null,
      "nonEnginePricing": null,
      "hasPriorCoverageWithNoLapse": null,
      "hasLapsedPriorCoverage": null,
      "extendedLiabilityToRentedLocationsAmount": null,
      "extendedLiabilityRentedLocationsCount": null,
      "extendedLiabilityRentedLocationsFamilies": null,
      "forDebugRequestPricingEngineVersion": null,
      "policyFee": null,
      "underwriterPremiumOffer": null,
      "agencyName": "Johnson & Johnson Inc.",
      "fileName": null,
      "uploadDate": null,
      "uploaderVersion": null,
      "batchNumber": null,
      "apdCommodities": null,
      "autoPhysicalDamages": null
    }
  ]
}