{
  "VeriskValue360": {
    "xpathReportResidentialAnswer": "//CONTEXT/RESIDENTIAL_REPORT/ANSWER[@id='{PropertyID}']",
    "xpathReportCommercialAnswer": "//CONTEXT/COMMERCIAL_REPORT/USE/ANSWER[@id='{PropertyID}']",
    "HomeOwnerOccupancies": "8012,8013,8014",
    "xPathCommercial": {
      "SingleAnswers": {
        "YearBuilt": "//CONTEXT/COMMERCIAL_REPORT/USE/ANSWER[@id='YEAR_BUILT']/@value",
        "SquareFootage": "//CONTEXT/COMMERCIAL_REPORT/USE/ANSWER[@id='SQUARE_FEET']/@value",
        "SquareFootageAll": "//CONTEXT/COMMERCIAL_REPORT/USE/ANSWER[@id='SQUARE_FEET_ALL']/@value",
        "NumberofStories": "//CONTEXT/COMMERCIAL_REPORT/USE/ANSWER[@id='PROFILE']/@value",
        "AverageStoryHeight": "//CONTEXT/COMMERCIAL_REPORT/USE/ANSWER[@id='AVG_STORY_HEIGHT']/@value",
        "AcvActualAge": "//CONTEXT/COMMERCIAL_REPORT/USE/ANSWER[@id='ACV_ACTUAL_AGE']/@value",
        "AcvCondition": "//CONTEXT/COMMERCIAL_REPORT/USE/ANSWER[@id='ACV_CONDITION']/@value",
        "RoofType": "//CONTEXT/COMMERCIAL_REPORT/USE/ANSWER[@id='RO']/@value",
        "PrimaryUse": "//CONTEXT/COMMERCIAL_REPORT/USE/ANSWER[@id='PU']/@value",
        "ConstructionClass": "//CONTEXT/COMMERCIAL_REPORT/USE/ANSWER[@id='CC']/@value",
        "ErrorDetails": "//CONTEXT/RESULTS/ERROR/@description"
      },
      "AnswerGroups": {
        "Foundation": "//CONTEXT/COMMERCIAL_REPORT/USE/GROUP[@id='F']/ANSWER",
        "FoundationMaterial": "//CONTEXT/COMMERCIAL_REPORT/USE/GROUP[@id='FM']/ANSWER",
        "RoofMaterial": "//CONTEXT/COMMERCIAL_REPORT/USE/GROUP[@id='RC']/ANSWER",
        "RoofStructure": "//CONTEXT/COMMERCIAL_REPORT/USE/GROUP[@id='RFS']/ANSWER",
        "FoundationType": "//CONTEXT/COMMERCIAL_REPORT/USE/GROUP[@id='F']/ANSWER",
        "ExteriorWallFinish": "//CONTEXT/COMMERCIAL_REPORT/USE/GROUP[@id='EWF']/ANSWER"
      }
    },
    "xPathResidential": {
      "SingleAnswers": {
        "YearBuilt": "//CONTEXT/RESIDENTIAL_REPORT/ANSWER[@id='YEAR_BUILT']/@value",
        "SquareFootage": "//CONTEXT/RESIDENTIAL_REPORT/ANSWER[@id='USER_TOTAL_SF']/@value",
        "NumberOfStories": "//CONTEXT/RESIDENTIAL_REPORT/ANSWER[@id='P']/@value",
        "AverageStoryHeight": "//CONTEXT/RESIDENTIAL_REPORT/ANSWER[@id='AVG_INT_HEIGHT']/@value",
        "AcvActualAge": "//CONTEXT/RESIDENTIAL_REPORT/ANSWER[@id='ACV_ACTUAL_AGE']/@value",
        "AcvCondition": "//CONTEXT/RESIDENTIAL_REPORT/ANSWER[@id='ACV_CONDITION']/@value",
        "Condition": "//CONTEXT/RESIDENTIAL_REPORT/ANSWER[@id='ACV_CONDITION']/@value",
        "RoofShape": "//CONTEXT/RESIDENTIAL_REPORT/ANSWER[@id='RO']/@value",
        "Use": "//CONTEXT/RESIDENTIAL_REPORT/ANSWER[@id='PU']/@value",
        "Basement": "//CONTEXT/RESIDENTIAL_REPORT/ANSWER[@id='BASEMENT_INCLUDED']/@value",
        "ExteriorWallMaterial": "//CONTEXT/RESIDENTIAL_REPORT/QUALITY_WIZARD_INFORMATION/ANSWER[@id='QwizMostPrefExtWall']/@value",
        "RoofMaterial": "//CONTEXT/RESIDENTIAL_REPORT/QUALITY_WIZARD_INFORMATION/ANSWER[@id='QwizMostPrefRoof']/@value",
        "ErrorDetails": "//CONTEXT/RESULTS/ERROR/@DESCRIPTION/@description"
      },
      "AnswerGroups": {
        "FoundationType": "//CONTEXT/RESIDENTIAL_REPORT/GROUP[@id='F']/ANSWER",
        "FoundationMaterial": "//CONTEXT/RESIDENTIAL_REPORT/GROUP[@id='FM']/ANSWER",
        "RoofCover": "//CONTEXT/RESIDENTIAL_REPORT/GROUP[@id='RC']/ANSWER",
        "RoofConstruction": "//CONTEXT/RESIDENTIAL_REPORT/GROUP[@id='ROS']/ANSWER",
        "Windows": "//CONTEXT/RESIDENTIAL_REPORT/GROUP[@id='WNM']/ANSWER"
      }
    }
  }
}