<?xml version="1.0"?>
<doc>
    <assembly>
        <name>BridgeApi</name>
    </assembly>
    <members>
        <member name="M:BridgeApi.FloodRater.Controllers.FloodRaterController.UpdatePremiumOffer(System.Int64)">
            <remarks>
            Update premium offer
            </remarks>
        </member>
        <member name="M:BridgeApi.FloodRater.Controllers.FloodRaterController.CancelEnquiry(System.Int64)">
            <remarks>
            A Flood risk cancel enquiry
            </remarks>
        </member>
        <member name="M:BridgeApi.FloodRater.Controllers.FloodRaterController.EndorsementEnquiry(System.Int64)">
            <remarks>
            A Flood risk endorsement enquiry
            </remarks>
        </member>
        <member name="M:BridgeApi.FloodRater.Controllers.FloodRaterController.ExtensionEnquiry(System.Int64)">
            <remarks>
            A Flood risk extension enquiry
            </remarks>
        </member>
        <member name="M:BridgeApi.FloodRater.Controllers.FloodRaterController.GetTechnicalQuotePremium(BridgeApi.FloodRater.Domain.FloodLossCostEnquiry)">
            <remarks>
            A Flood risk enquiry
            </remarks>
        </member>
        <member name="M:BridgeApi.FloodRater.Controllers.FloodRaterController.GetTechnicalQuotePremiumFromTempPremiumsId(System.Int64)">
            <remarks>
            A Flood risk enquiry from id
            </remarks>
        </member>
        <member name="M:BridgeApi.Hazards.Controllers.HazardsController.GetGeoCode(BridgeApi.Hazards.Domain.Address)">
            <remarks>
            Geocode
            </remarks>
        </member>
        <member name="M:BridgeApi.Hazards.Controllers.HazardsController.GetHazardScores(BridgeApi.Hazards.Domain.Coordinate)">
            <remarks>
            Hazards
            </remarks>
        </member>
        <member name="M:BridgeApi.Hazards.Controllers.HazardsController.GetRiskScores(BridgeApi.Hazards.Domain.Coordinate)">
            <remarks>
            Risk Scores
            </remarks>
        </member>
        <member name="M:BridgeApi.ProfessionalLawyersLiabilities.Controllers.LawyersProfessionalLiabilitiesController.Policies(System.Int32,System.Int32,System.Collections.Generic.List{System.String},System.Boolean)">
            <remarks>
            Get batch policies
            </remarks>
        </member>
        <member name="M:BridgeApi.ProfessionalLawyersLiabilities.Controllers.LawyersProfessionalLiabilitiesController.Transactions">
            <remarks>
            Gets transactions submitted to MRSI
            </remarks>
        </member>
        <member name="M:BridgeApi.ProfessionalLawyersLiabilities.Controllers.LawyersProfessionalLiabilitiesController.BatchStatusAsync(System.String)">
            <remarks>
            Get batch status
            </remarks>
        </member>
        <member name="M:BridgeApi.ProfessionalLawyersLiabilities.Controllers.LawyersProfessionalLiabilitiesController.Notify">
            <remarks>
            Notifications
            </remarks>
        </member>
    </members>
</doc>
