{
	"info": {
		"_postman_id": "03ef7813-f108-4503-93f6-458bf1e25e4a",
		"name": "BridgeApiCollection",
		"schema": "https://schema.getpostman.com/json/collection/v2.1.0/collection.json"
	},
	"item": [
		{
			"name": "GetFloodQuote",
			"event": [
				{
					"listen": "test",
					"script": {
						"id": "21bea4b8-da72-4c22-ab0e-b8321237151a",
						"exec": [
							"pm.test(\"Status code is 200\", () => {\r",
							"  pm.expect(pm.response.code).to.eql(200);\r",
							"});"
						],
						"type": "text/javascript"
					}
				}
			],
			"request": {
				"auth": {
					"type": "ntlm",
					"ntlm": [
						{
							"key": "password",
							"value": "69gcCnpaBv5eR8Bm",
							"type": "string"
						},
						{
							"key": "username",
							"value": "DEVAutomatedTestUser",
							"type": "string"
						},
						{
							"key": "disableRetryRequest",
							"value": false,
							"type": "boolean"
						},
						{
							"key": "workstation",
							"value": "",
							"type": "string"
						},
						{
							"key": "domain",
							"value": "",
							"type": "string"
						}
					]
				},
				"method": "POST",
				"header": [],
				"body": {
					"mode": "raw",
					"raw": "{\r\n  \"applicationSource\": \"test\",\r\n  \"countryCode\": \"US\",\r\n  \"countryScheme\": \"ISO2A\",\r\n  \"streetAddress\": \"1303 Miners Bend Ln\",\r\n  \"city\": \"\",\r\n  \"county\": \"\",\r\n  \"admin1Code\": \"TX\",\r\n  \"postalCode\": \"77007\",\r\n  \"occupancyCode\": \"8012\",\r\n  \"occupancyScheme\": \"ISOPROP\",\r\n  \"constructionCode\": \"2\",\r\n  \"constructionScheme\": \"ISOFIRE\",\r\n  \"yearBuilt\": 1993,\r\n  \"numOfStories\": 2,\r\n  \"firstFloorHeightAboveGround\": 2.5,\r\n  \"basement\": \"NO\",\r\n  \"foundationType\": 0,\r\n  \"buildingValue\": 200000,\r\n  \"contentsValue\": 70000,\r\n  \"businessInterruptionValue\": 5000,\r\n  \"isMobileHome\": false,\r\n  \"isVacant\": false,\r\n  \"isBuildersRisk\": false,\r\n  \"hasConcreteBasement\": false,\r\n  \"hasMortaredBlockFoundation\": false,\r\n  \"hasStiltsOverWater\": false,\r\n  \"lastLoss\": \"2010-03-09T12:28:51.887Z\",\r\n  \"placementType\":2,\r\n  \"companyId\": 6012\r\n}\r\n",
					"options": {
						"raw": {
							"language": "json"
						}
					}
				},
				"url": {
					"raw": "{{baseUrl}}api/floodrater/TechnicalQuotePremium",
					"host": [
						"{{baseUrl}}api"
					],
					"path": [
						"floodrater",
						"TechnicalQuotePremium"
					]
				}
			},
			"response": []
		}
	],
	"protocolProfileBehavior": {}
}